theta0,theta1
8499.599614,-0.021449