theta0,theta1
8499.542071,-0.021448