theta0,theta1
8494.790393,-0.021401