theta0,theta1
8499.126048,-0.021444